Sample_ID,Nubin_ID,Tank,Genet,State,Treatment,Light,Heat,Surface_area,Total_Slurry,Sym_density,Carb_host,Carb_sym,Chl_a,Chl_c2,Protein_host,Protein_sym,PAM_d6,PAM_d10,PAM_d13,Feeding_d2,Feeding_d6,Feeding_d9,Feeding_d13
ACC_10,10A,4A,10,apo,CL_C,Control,Control,208.103081,10,0,0.054786,0.007758,7.705825,4.175475,0.00369686,0.003182942,0.462,0.342666667,0.296,5,5,5,5
ACH_10,10B,3A,10,apo,CL_H,Control,Heat,328.57939,8,0,0.33668875,0.019845,17.701775,8.027725,0.038326169,0.003904167,0.450666667,0.465666667,0.136,5,5,5,5
ACC_11,11A,4B,11,apo,CL_C,Control,Control,376.867285,12.5,0,0.082759333,0.021646167,5.402066667,2.87485,0.008213049,0.00191118,0.518333333,0.136,0.313,5,5,5,5
ACH_11,11B,3B,11,apo,CL_H,Control,Heat,526.978102,10,500000,0.097422333,0.03152375,8.097475,5.389775,0.026318436,0.003815513,0.403666667,0.460666667,0.466,5,5,5,5
ACC_12,12A,4B,12,apo,CL_C,Control,Control,313.726657,12,0,0.1389675,0.022122,11.947025,4.945075,0.010630736,0.002788347,0.573,0.328666667,0.337,5,5,4,5
ACH_12,12B,3B,12,apo,CL_H,Control,Heat,127.911855,7.5,0,0.154297,0.025500833,7.919266667,3.52575,0.010351397,0.0034705,0.478666667,0.481666667,0.289,5,5,5,5
ACC_13,13A,4A,13,apo,CL_C,Control,Control,338.131149,12.5,150000,0.208212,0.137262,19.405975,11.939225,0.04092394,0.008885065,0.492333333,0.260666667,0.347333333,4,5,5,5
ACH_13,13B,3A,13,apo,CL_H,Control,Heat,NA,12.5,0,0.189360333,0.051335833,93.1633,44.3428,0.012155364,0.004745247,0.589,0.644666667,0.477,5,5,5,5
ACC_14,14A,4C,14,apo,CL_C,Control,Control,527.999109,12.5,550000,0.077828,0.060426,15.8586,11.6784,0.02081175,0.007056383,0.427,0.403333333,0.409,5,5,5,5
ACH_14,14B,3A,14,apo,CL_H,Control,Heat,779.166828,9.5,450000,0.1408725,0.03054,11.71005,5.86735,0.010842564,0.004503813,0.494,0.238333333,0.452666667,5,4,5,4
ADC_15,15A,6A,15,apo,NL_C,No Light,Control,909.40005,12.5,50000,0.04762475,0.064191,5.766583333,5.0513,0.03061266,0.00522375,0.339,0.406333333,0.358666667,5,5,5,5
ADH_15,15B,5B,15,apo,NL_H,No Light,Heat,896.188498,10,50000,0.07127025,0,0.900516667,1.15205,0.008315911,0.003269949,0.354,0.304,0.215333333,3,2,4,3
ADC_16,16A,6B,16,apo,NL_C,No Light,Control,1418.2328,15,0,0.105366,0.143874,6.41125,4.38815,0.014428093,0.013877706,0.287333333,0.212333333,0.283,5,3,4,3
ADH_16,16B,5C,16,apo,NL_H,No Light,Heat,792.699347,12.5,0,0.024282833,0,0.546033333,1.28905,0.0033356,0.003666852,0.309666667,0.454666667,0.375666667,4,4,4,1
ADC_17,17A,6C,17,apo,NL_C,No Light,Control,1149.427111,6,500000,0.063965333,0.014718,0.1304,0.4335,0.00749684,0.003537384,0.322,0.171666667,0.279666667,3,4,5,5
ADH_17,17B,5A,17,apo,NL_H,No Light,Heat,1677.461089,20,350000,0.06878125,0.07489625,5.047425,5.159875,0.0148648,0.003515101,0.232,0.169,0.097666667,3,5,5,4
ADC_18,18A,6A,18,apo,NL_C,No Light,Control,1301.284311,9,50000,0.077078667,0.044694,0,0,0.01276944,0.006521313,0.239,0.282333333,0.344,5,4,4,4
ADH_18,18B,5B,18,apo,NL_H,No Light,Heat,590.057781,15,0,0.05758075,0.048417,0.558025,1.109675,NA,NA,0.224333333,0.327,0.154666667,5,4,4,2
ADC_19,19A,6B,19,apo,NL_C,No Light,Control,682.451944,12.5,100000,0.152012,0.05199,0.945783333,0.95175,0.023766793,0.006230694,0.309,0.46,0.364666667,5,4,4,3
ADH_19,19B,5C,19,apo,NL_H,No Light,Heat,328.687286,12,0,0.130384,0.023322,0.3278,0.73895,0.03955271,0.00522375,0.183333333,0.125333333,0.088666667,4,5,5,2
AHC_01,1A,2B,1,apo,HL_C,High Light,Control,419.399195,10,50000,0.1884985,0.0186215,25.26941667,9.02525,0.018794945,0.003416111,0.373666667,0.116666667,0.241333333,5,5,5,4
AHH_01,1B,1B,1,apo,HL_H,High Light,Heat,857.026583,10,0,0.16199125,0.03946,0.3305,0.22175,0.013222385,0.003595938,0,0.09,0.233333333,5,5,5,5
ADC_20,20A,6C,20,apo,NL_C,No Light,Control,724.961641,10,500000,0.044098667,0.104343,6.690183333,6.017,0.04921074,0.008429046,0.381666667,0.321666667,0.216666667,4,4,4,4
ADH_20,20B,5A,20,apo,NL_H,No Light,Heat,261.106113,8,0,0.0918045,0.003963,0.901416667,0.97965,0.03027224,0.004534753,0.269,0.438666667,0.279,4,4,3,1
SHC_21,21A,2B,21,sym,HL_C,High Light,Control,316.190812,12,150000,0.11609575,0.042706167,14.78588333,5.3937,0.007408398,0.00327587,0.063666667,0.266666667,0.469666667,4,4,5,5
SHH_21,21B,1B,21,sym,HL_H,High Light,Heat,318.007914,9,2350000,0.222396,0.036964,70.767525,33.338625,0.017027408,0.003135364,0.302333333,0.352333333,0.284666667,5,5,5,5
SHC_22,22A,2A,22,sym,HL_C,High Light,Control,1511.860603,8,3850000,0.2954185,0.01628,16.34933333,10.8543,0.078503168,0.003144591,0.250666667,0.357333333,0.45,4,5,5,5
SHH_22,22B,1C,22,sym,HL_H,High Light,Heat,799.752438,5,2300000,0.31568875,0.082169333,48.67806667,73.77795,0.03722875,0.00317332,0.446666667,0.453333333,0.467666667,5,5,5,5
SHC_23,23A,2A,23,sym,HL_C,High Light,Control,508.201747,7,1900000,0.26955175,0.0323225,2.943925,1.499475,0.043051776,0.004647953,0.431666667,0.393333333,0.502666667,5,4,5,5
SHH_23,23B,1A,23,sym,HL_H,High Light,Heat,1046.362178,7,8200000,0.38864,0.07274,21.3004,11.1775,0.083061072,0.00314132,0.394,0.413,0.465333333,5,3,5,4
SHC_24,24A,2C,24,sym,HL_C,High Light,Control,386.882305,5,200000,0.16485,0.008555833,17.33935,7.5683,0.020298702,0.003496924,0.085333333,0.139333333,0.189,5,4,4,4
SHH_24,24B,1B,24,sym,HL_H,High Light,Heat,262.297771,9,950000,0.161653,0.049444,15.9427,8.27475,0.008780848,0.00396452,0.12,0.198,0.109333333,5,4,5,5
SHC_25,25A,2B,25,sym,HL_C,High Light,Control,119.269629,9,150000,0.17843725,0.01004125,12.84063333,9.53815,0.016313678,0.003356528,0.414666667,0.416333333,0.467333333,5,4,5,5
SHH_25,25B,1C,25,sym,HL_H,High Light,Heat,111.652303,5,600000,0.08092875,0.023652,4.6324,2.0701,0.003615305,0.003587898,0.259,0.345,0.383666667,5,5,5,5
SHC_26,26A,2C,26,sym,HL_C,High Light,Control,522.420125,5,550000,0.199636,0.017468333,29.483325,12.905025,0.0011,0.003145858,0.296666667,0.326333333,0.295333333,5,5,5,5
SHH_26,26B,1A,26,sym,HL_H,High Light,Heat,353.61436,5,50000,0.135484,0.024484,4.936216667,3.1678,0.008217568,0.003859781,0.386333333,0.343333333,0.366666667,5,5,5,5
SCC_27,27A,4B,27,sym,CL_C,Control,Control,824.735738,20,700000,0.136276,0.154134,49.56978333,25.791,0.01668844,0.010100385,0.543666667,0.484333333,0.502333333,4,5,5,5
SCH_27,27B,3A,27,sym,CL_H,Control,Heat,1013.330962,7,0,0.11564,0.052965333,6.171125,5.913825,0.063650256,0.004456247,0.669,0.471,0.538,5,5,5,5
SCC_28,28A,4A,28,sym,CL_C,Control,Control,513.891654,15,150000,0.074317,0.07633425,24.5809,11.735025,0.015581776,0.003303753,0.642,0.508666667,0.487666667,5,5,5,5
SCH_28,28B,3B,28,sym,CL_H,Control,Heat,914.806615,6.5,2400000,0.2282785,0.086211833,22.7357,15.7736,0.0567664,0.007428813,0.359333333,0.487333333,0.427,5,5,5,5
SCC_29,29A,4B,29,sym,CL_C,Control,Control,279.541421,14.5,550000,0.082886,0.074334,11.18768333,8.5156,0.00907454,0.006846474,0.473333333,0.605666667,0.511,5,5,5,5
SCH_29,29B,3C,29,sym,CL_H,Control,Heat,658.363074,10,500000,0.109435333,0.026975,19.379,10.75335,0.010490624,0.00328318,0.585666667,0.567666667,0.542,5,5,5,5
AHC_02,2A,2C,2,apo,HL_C,High Light,Control,524.444522,9,550000,0.118555,0.0073675,9.909325,20.44575,0.024771421,0.00315008,0.114666667,0.182666667,0.326,4,5,5,5
AHH_02,2B,1C,2,apo,HL_H,High Light,Heat,2203.329102,12,100000,0.244186,0.06442,2.77395,2.2937,0.064972512,0.005366158,0.343666667,0.188666667,0.275,5,5,5,5
SCC_30,30A,4C,30,sym,CL_C,Control,Control,709.38694,13,150000,0.096936,0.076842,4.528975,2.822475,0.03644464,0.00693615,0.363,0.361333333,0.498666667,4,5,5,5
SCC_31,31A,4B,31,sym,CL_C,Control,Control,378.377906,8,250000,0.074317,0.061638333,38.50665,18.8295,0.021935204,0.001943387,0.378333333,0.444333333,0.472666667,5,4,5,4
SCH_31,31B,3B,31,sym,CL_H,Control,Heat,634.599862,11,500000,0.1909545,0.09801675,41.246875,21.230325,0.032045636,0.007797013,0.407333333,0.405333333,0.457,4,5,4,4
SCC_32,32A,4C,32,sym,CL_C,Control,Control,486.136641,14.5,1500000,0.0349935,0.05682,36.71385,19.18365,0.008181977,0.003181213,0.459666667,0.410333333,0.455,4,4,5,5
SCH_32,32B,3C,32,sym,CL_H,Control,Heat,609.219656,7.5,4300000,0.49813725,0.08758,50.789775,29.2767,0.084303104,0.008755313,0.454666667,0.429333333,0.372,5,5,5,5
SCC_33,33A,4A,33,sym,CL_C,Control,Control,212.415485,10,1200000,0.047657,0.021164333,11.04275,6.63065,0.010842564,0.001081587,0.591,0.43,0.473666667,5,5,5,5
SCH_33,33B,3B,33,sym,CL_H,Control,Heat,300.805168,12,1350000,0.083203667,0.018273333,14.544475,9.2829,0.004034849,0.001847487,0.626666667,0.620333333,0.556,5,5,5,5
SDC_34,34A,6C,34,sym,NL_C,No Light,Control,476.381998,9,650000,0.105178667,0.016152,2.57385,2.50545,0.0087105,0.0029754,0.307333333,0.408333333,0.363666667,4,3,4,4
SDH_34,34B,5B,34,sym,NL_H,No Light,Heat,131.081967,15,650000,0.0270905,0.006114,0.3966,0.2661,0.0036788,0,0.042666667,0.085666667,0.185666667,4,4,5,3
SDC_35,35A,6A,35,sym,NL_C,No Light,Control,662.413985,12.5,750000,0.123582,0.0519695,7.66175,6.2652,0.00190125,0.03427682,0.37,0.347666667,0.34,4,5,4,4
SDH_35,35B,5C,35,sym,NL_H,No Light,Heat,647.736774,10,1000000,0.119598333,0.038379,6.540525,5.03715,0.02729486,0.004638665,0.361666667,0.233333333,0.361,4,4,5,4
SDC_36,36A,6C,36,sym,NL_C,No Light,Control,689.157182,9,150000,0.079701333,0.0738705,2.1134,1.764,0.02892976,0.007207741,0.090666667,0.090333333,0.044666667,5,4,4,4
SDH_36,36B,5A,36,sym,NL_H,No Light,Heat,345.466795,12.5,0,0.04513575,0.039000833,2.026016667,1.5612,0.007834,0.002907073,0.470333333,0.599666667,0.548666667,1,3,5,3
SDC_37,37A,6A,37,sym,NL_C,No Light,Control,1144.734396,24,200000,0.068836,0.060606,18.29201667,11.4369,0.0126965,0.004848766,0.142666667,0.065,0.082333333,4,3,4,3
SDH_37,37B,5B,37,sym,NL_H,No Light,Heat,744.645675,11,650000,0.131213667,0.058455,10.634225,8.64885,0.0229496,0.003927129,0.356666667,0.502,0.102333333,5,4,4,2
SDC_38,38A,6B,38,sym,NL_C,No Light,Control,714.683456,8,200000,0.202966667,0.098046,1.472783333,1.65135,0.04112175,0.015246504,0.153666667,0.092666667,0.076666667,2,2,3,1
SDH_38,38B,5A,38,sym,NL_H,No Light,Heat,569.015893,9,200000,0.038291,0.003963,0.982725,2.34615,0.014636,0.003509195,0.189333333,0.131666667,0.068,4,4,4,1
SDC_39,39A,6B,39,sym,NL_C,No Light,Control,624.044001,15,200000,0.053662,0.01551,6.21655,3.5655,0.0030425,0.003323438,0.642,0.393,0.298333333,4,4,3,3
SDH_39,39B,5C,39,sym,NL_H,No Light,Heat,495.051154,12,850000,0.060692,0.034794,12.31363333,8.83855,0.01545674,0.004380308,0.267666667,0.181,0.233,4,5,5,4
AHC_03,3A,2A,3,apo,HL_C,High Light,Control,236.566847,5,0,0.163784333,0.01323,9.9937,4.28325,0.008878336,0.002348587,0.279666667,0.146333333,0.294666667,5,4,5,5
AHH_03,3B,1A,3,apo,HL_H,High Light,Heat,425.909452,5,0,0.137266,0.032249333,0.98835,1.26865,0.008468685,0.00383968,0.271333333,0.235666667,0.242666667,5,5,5,3
ACC_40,40A,4A,40,apo,CL_C,Control,Control,716.338757,11,50000,0.102556,0.079578,34.486925,13.75365,0.034726093,0.009116562,0.460666667,0.276,0.184666667,5,5,4,5
SCH_40,40B,3A,40,sym,CL_H,Control,Heat,482.673786,7.5,5650000,0.232499667,0.046219667,28.4383,16.1397,0.018351529,0.003386647,0.458666667,0.584333333,0.585333333,5,5,5,5
AHC_04,4A,2B,4,apo,HL_C,High Light,Control,383.718047,12.5,50000,0.12189625,0.027812,2.030516667,0.6992,0.027711302,0.00322723,0.279,0.228666667,0.292333333,5,5,5,5
AHH_04,4B,1B,4,apo,HL_H,High Light,Heat,80.894002,5,600000,0.103408,0.041956,18.002375,7.6239,0.003419019,0.003997318,0.097333333,0.093,0.402333333,5,5,5,5
AHC_05,5A,2C,5,apo,HL_C,High Light,Control,1034.501902,5,150000,0.133702,0.013989833,1.435616667,0.30005,0.033975225,0.003880164,0.192666667,0.189,0.429,5,4,5,5
AHH_05,5B,1C,5,apo,HL_H,High Light,Heat,532.223498,12.5,0,0.25666,0.096036,32.49245,14.62125,0.033073102,0.003238831,0,0.129666667,0.209,5,5,5,5
AHC_06,6A,2A,6,apo,HL_C,High Light,Control,1547.839699,7,0,0.233494,0.087716,17.5273,9.68395,0.074578617,0.00313427,0.257,0.230333333,0.376666667,4,4,5,5
AHH_06,6B,1A,6,apo,HL_H,High Light,Heat,738.90436,12,0,0.3364045,0.097145333,32.3427,17.89435,0.034659825,0.003284964,0.239666667,0.244666667,0.095666667,5,5,5,5
AHC_07,7A,2A,7,apo,HL_C,High Light,Control,432.975719,10,1000000,0.150996333,0.0180625,17.7319,8.6102,0.010056465,0.003258528,0.223666667,0.292666667,0.342333333,4,4,5,5
AHH_07,7B,1A,7,apo,HL_H,High Light,Heat,383.356388,6,50000,0.1234555,0.048334667,3.066383333,1.33655,0.009691613,0.003743408,0.209666667,0.141,0.170333333,4,5,5,5
ACC_08,8A,4C,8,apo,CL_C,Control,Control,553.638184,10,600000,0.0936455,0.0871755,6.842025,4.460925,0.028998436,0.00322182,0.392666667,0.364666667,0.369,4,5,5,4
ACH_08,8B,3C,8,apo,CL_H,Control,Heat,73.390738,5,0,0.186696167,0.019237,44.90008333,18.15975,0.010351397,0.00385972,0.496,0.368333333,0.337,5,5,5,5
ACC_09,9A,4C,9,apo,CL_C,Control,Control,283.041952,12.5,300000,0.0163315,0.041883167,16.9976,9.50155,0.008878336,0.002826553,0.556333333,0.495,0.412,5,5,5,5
ACH_09,9B,3C,9,apo,CL_H,Control,Heat,131.505647,16,100000,0.0629865,0.042365,67.64555,27.8271,0.018765136,0.00226132,0.570666667,0.497,0.316333333,4,5,5,5