Sample_ID,White,Brown,Heated,Dark,Control.Light,High.Light,Symbiont.Density,chlA,chlC2,Host.Carbohydrate,Symbiont.Carbohydrate,Host.Protein,Symbiont.Protein,PAM_Day13,Feeding_Day13
ACC_08,1,0,0,0,1,0,1083740.279,30.89574201,20.14368377,0.169145667,0.157459334,0.052377955,0.00581936,0.369,4
ACC_09,1,0,0,0,1,0,1324891.937,150.1332212,83.92351322,0.072124909,0.184968901,0.039209453,0.012482924,0.412,5
ACC_10,1,0,0,0,1,0,0,92.57221185,50.16113865,0.263263762,0.037279602,0.017764562,0.015295026,0.296,5
ACC_11,1,0,0,0,1,0,0,35.83533834,19.07070549,0.274497603,0.071796385,0.027241185,0.006339035,0.313,5
ACC_12,1,0,0,0,1,0,0,95.20250139,39.40591985,0.531548711,0.084616335,0.040662414,0.010665388,0.337,5
ACC_13,1,0,0,0,1,0,554518.5664,143.4796458,88.27362575,0.769716132,0.50742885,0.15128723,0.032846223,0.347333333,5
ACC_14,1,0,0,0,1,0,1302085.531,75.08819489,55.29554786,0.184252205,0.143054219,0.049270325,0.01670548,0.409,5
ACC_40,1,0,0,0,1,0,76779.3163,120.3582965,47.99981107,0.157483591,0.122198889,0.053324914,0.013999268,0.184666667,5
ACH_08,1,0,1,0,1,0,0,1529.48739,618.5981534,1.271932754,0.131058772,0.070522502,0.026295689,0.337,5
ACH_09,1,0,1,0,1,0,1216677.79,1285.981848,529.0096022,0.766342756,0.515445546,0.228311242,0.027512978,0.316333333,5
ACH_10,1,0,1,0,1,0,0,134.684155,61.07903633,0.81974405,0.04831709,0.093313629,0.009505568,0.136,5
ACH_11,1,0,1,0,1,0,948806.0284,38.41466547,25.56925506,0.184869794,0.059819848,0.049942181,0.007240363,0.466,5
ACH_12,1,0,1,0,1,0,0,154.7797635,68.90975821,0.904706995,0.149521909,0.060694513,0.020348974,0.289,5
ACH_13,1,0,1,0,1,0,NA,NA,NA,NA,NA,NA,NA,0.477,5
ACH_14,1,0,1,0,1,0,548662.988,37.57234516,18.82571803,0.171758948,0.037235928,0.013219808,0.005491279,0.452666667,4
ADC_15,1,0,0,1,0,0,68726.62917,15.85271337,13.88635288,0.065461771,0.088232621,0.042078099,0.007180215,0.358666667,5
ADC_16,1,0,0,1,0,0,0,11.30147674,7.735242761,0.111440802,0.152168953,0.015259934,0.014677815,0.283,3
ADC_17,1,0,0,1,0,0,260999.5859,0.28361955,0.942861004,0.033389851,0.007682784,0.003913344,0.001846512,0.279666667,5
ADC_18,1,0,0,1,0,0,34581.22074,0,0,0.053309488,0.030911462,0.008831656,0.004510299,0.344,4
ADC_19,1,0,0,1,0,0,183163.08,3.464651765,3.486509227,0.278429861,0.095226485,0.04353199,0.011412331,0.364666667,3
ADC_20,1,0,0,1,0,0,689691.6633,23.07081835,20.74937369,0.060828966,0.143928994,0.067880474,0.011626886,0.216666667,4
ADH_15,1,0,1,1,0,0,55791.8341,2.512073824,3.213749124,0.079525959,0,0.009279199,0.003648729,0.215333333,3
ADH_16,1,0,1,1,0,0,0,1.722069455,4.065381172,0.038291367,0,0.005259876,0.005782224,0.375666667,1
ADH_17,1,0,1,1,0,0,417297.31,7.52241741,7.69000699,0.082006373,0.089297153,0.017722974,0.004190978,0.097666667,4
ADH_18,1,0,1,1,0,0,0,2.364281169,4.701552271,0.146377402,0.123082014,NA,NA,0.154666667,2
ADH_19,1,0,1,1,0,0,0,2.493251291,5.620463823,0.476017195,0.085145977,0.144402458,0.019071319,0.088666667,2
ADH_20,1,0,1,1,0,0,0,8.630750317,9.379807205,0.281278746,0.01214219,0.092750766,0.013893977,0.279,1
AHC_01,1,0,0,0,0,1,119218.1592,150.628667,53.79868457,0.449448884,0.044400419,0.044813975,0.008145249,0.241333333,4
AHC_02,1,0,0,0,0,1,943855.7926,47.23724143,97.46383622,0.203452406,0.012643377,0.042510271,0.005405857,0.326,5
AHC_03,1,0,0,0,0,1,0,105.6117978,45.26469003,0.346169244,0.027962498,0.018764962,0.004963897,0.294666667,5
AHC_04,1,0,0,0,0,1,162880.0117,13.22922314,4.555428168,0.397089253,0.090600378,0.090272344,0.010513025,0.292333333,5
AHC_05,1,0,0,0,0,1,72498.65839,3.469342744,0.725107415,0.064621437,0.006761627,0.016421055,0.001875378,0.429,5
AHC_06,1,0,0,0,0,1,0,28.30929458,15.64107382,0.105596077,0.039668966,0.033727673,0.001417452,0.376666667,5
AHC_07,1,0,0,0,0,1,2309598.336,102.3839168,49.71525898,0.348740879,0.04171712,0.023226395,0.007525891,0.342333333,5
AHH_01,1,0,1,0,0,1,0,0.964089115,0.646858582,0.189015432,0.046042913,0.015428209,0.00419583,0.233333333,5
AHH_02,1,0,1,0,0,1,54463.03954,3.147453094,2.602539037,0.132991118,0.03508509,0.035386005,0.002922573,0.275,5
AHH_03,1,0,1,0,0,1,0,5.801409169,7.446711936,0.161144581,0.037859377,0.009941884,0.004507625,0.242666667,3
AHH_04,1,0,1,0,0,1,3708556.785,556.3569163,235.613884,0.6391574,0.259327014,0.02113271,0.024707135,0.402333333,5
AHH_05,1,0,1,0,0,1,0,152.625965,68.68002848,0.602801269,0.225553739,0.077676724,0.00760684,0.209,5
AHH_06,1,0,1,0,0,1,0,109.4278967,60.54352555,0.546329704,0.157766561,0.056288462,0.005334867,0.095666667,5
AHH_07,1,0,1,0,0,1,78256.16304,19.9969495,8.716106225,0.193223075,0.075649712,0.015168569,0.005858895,0.170333333,5
SCC_27,0,1,0,0,1,0,1697513.44,150.2595954,78.17958775,0.330471917,0.373777909,0.040469787,0.024493628,0.502333333,5
SCC_28,0,1,0,0,1,0,437835.482,119.5821133,57.08900363,0.21692413,0.222812288,0.045481696,0.009643335,0.487666667,5
SCC_29,0,1,0,0,1,0,2852886.693,100.0538962,76.15687122,0.429935212,0.385575417,0.047070244,0.035513117,0.511,5
SCC_30,0,1,0,0,1,0,274885.2411,15.96087673,9.946881035,0.177641838,0.140818211,0.066787291,0.012710968,0.498666667,5
SCC_31,0,1,0,0,1,0,528572.0885,254.4192551,124.4093517,0.157127568,0.13032121,0.046377346,0.004108881,0.472666667,4
SCC_32,0,1,0,0,1,0,4474050.743,188.80417,98.65359028,0.10437513,0.169477042,0.024404387,0.009488606,0.455,5
SCC_33,0,1,0,0,1,0,5649305.652,129.9663958,78.03868442,0.224357466,0.099636488,0.051044132,0.005091846,0.473666667,5
SCH_27,0,1,1,0,1,0,0,15.2248506,14.59006293,0.079883082,0.03658798,0.04396903,0.003078336,0.538,5
SCH_28,0,1,1,0,1,0,1705278.443,62.1325306,43.10637828,0.162199335,0.061256325,0.040334383,0.005278414,0.427,5
SCH_29,0,1,1,0,1,0,759459.3618,73.58781486,40.83366164,0.166223376,0.040972833,0.015934405,0.004986884,0.542,5
SCH_31,0,1,1,0,1,0,866687.8657,162.4916639,83.63665938,0.330995896,0.169899856,0.055547128,0.013515153,0.457,4
SCH_32,0,1,1,0,1,0,5293657.17,208.4214392,120.140165,0.613248331,0.107818255,0.103784123,0.010778518,0.372,5
SCH_33,0,1,1,0,1,0,5385545.77,120.8795306,77.15043646,0.33192382,0.072897682,0.016096196,0.007370167,0.556,5
SCH_40,0,1,1,0,1,0,8779221.335,147.295652,83.5952794,0.361268325,0.071818175,0.028515422,0.005262323,0.585333333,5
SDC_34,0,1,0,1,0,0,1228006.101,13.50727993,13.1483243,0.198707761,0.030515007,0.016456226,0.005621245,0.363666667,4
SDC_35,0,1,0,1,0,0,1415278.091,28.91601843,23.64533412,0.233203863,0.098068393,0.00358773,0.064681643,0.34,4
SDC_36,0,1,0,1,0,0,195891.4505,7.666610953,6.399120716,0.104085398,0.096470663,0.037780618,0.009412899,0.044666667,4
SDC_37,0,1,0,1,0,0,419311.2408,39.94816775,24.9771913,0.144318543,0.127063885,0.026618926,0.01016571,0.082333333,3
SDC_38,0,1,0,1,0,0,223875.3376,5.151872905,5.776508418,0.227196155,0.109750407,0.046030728,0.017066581,0.076666667,1
SDC_39,0,1,0,1,0,0,480735.332,24.90429357,14.28384855,0.128986097,0.037281025,0.007313186,0.00798847,0.298333333,3
SDH_34,0,1,1,1,0,0,7438094.059,7.563969497,5.075068793,0.310002596,0.069963857,0.042097324,0,0.185666667,3
SDH_35,0,1,1,1,0,0,1543837.003,25.24376129,19.4413464,0.184640332,0.05925092,0.042138815,0.007161343,0.361,4
SDH_36,0,1,1,1,0,0,0,14.66144284,11.29775729,0.163314357,0.141116431,0.028345705,0.010518641,0.548666667,3
SDH_37,0,1,1,1,0,0,960188.213,35.70229895,29.03679659,0.193830487,0.086350465,0.033901439,0.005801205,0.102333333,2
SDH_38,0,1,1,1,0,0,316335.6283,4.317651809,10.30792825,0.060564038,0.00626819,0.023149441,0.005550417,0.068,1
SDH_39,0,1,1,1,0,0,2060393.137,62.18364118,44.63452882,0.147116918,0.084340375,0.037467013,0.010617831,0.233,4
SHC_21,0,1,0,0,0,1,569276.5038,116.9063329,42.64592609,0.440603884,0.16207745,0.028116179,0.012432505,0.469666667,5
SHC_22,0,1,0,0,0,1,2037224.857,27.03512033,17.94857935,0.156320496,0.008614551,0.041539897,0.001663958,0.45,5
SHC_23,0,1,0,0,0,1,2617070.893,14.48206848,7.37637665,0.371282126,0.044521197,0.059299763,0.006402117,0.502666667,5
SHC_24,0,1,0,0,0,1,258476.5411,112.0453803,48.90570015,0.213049289,0.011057411,0.026233691,0.004519364,0.189,4
SHC_25,0,1,0,0,0,1,1131889.158,269.151364,199.928307,1.346474592,0.075770547,0.123101835,0.025328118,0.467333333,5
SHC_26,0,1,0,0,0,1,526396.2601,141.0901092,61.75597179,0.191068443,0.016718664,0.001052793,0.003010851,0.295333333,5
SHH_21,0,1,1,0,0,1,6650777.88,556.3346216,262.0895859,0.629406978,0.104612491,0.048189578,0.008873451,0.284666667,5
SHH_22,0,1,1,0,0,1,1437944.976,152.1660465,230.627462,0.197366544,0.05137173,0.023275171,0.001983939,0.467666667,5
SHH_23,0,1,1,0,0,1,5485672.285,50.89155659,26.70561932,0.259994107,0.048661927,0.055566563,0.002101494,0.465333333,4
SHH_24,0,1,1,0,0,1,3259654.082,151.9523016,78.86790239,0.55466617,0.169652986,0.030128976,0.01360312,0.109333333,5
SHH_25,0,1,1,0,0,1,2686912.781,103.7237897,46.35148457,0.362414155,0.105918102,0.016190015,0.016067282,0.383666667,5
SHH_26,0,1,1,0,0,1,70698.48634,34.89830466,22.3958665,0.191570274,0.034619635,0.011619392,0.005457613,0.366666667,5